{
  "accuracy": 0.1161476071767143,
  "precision": 0.0019230006740414735,
  "recall": 0.9897959183673469,
  "f1": 0.0038385437277404038,
  "prec_auc": 0.49586823730237317,
  "confusion_matrix": [
    [
      6519,
      50345
    ],
    [
      1,
      97
    ]
  ],
  "roc_auc": 0.552218935548333,
  "precision_curve": [
    0.0017204452090867595,
    0.0019230006740414735,
    1.0
  ],
  "recall_curve": [
    1.0,
    0.9897959183673469,
    0.0
  ],
  "threshold": [
    0.0,
    1.0,
    1.0
  ]
}