{
  "accuracy": 0.9859379937502194,
  "precision": 0.028187919463087248,
  "recall": 0.21428571428571427,
  "f1": 0.0498220640569395,
  "prec_auc": 0.12191270606368483,
  "confusion_matrix": [
    [
      56140,
      724
    ],
    [
      77,
      21
    ]
  ],
  "roc_auc": 0.6007767907388053,
  "precision_curve": [
    0.0017204452090867595,
    0.028187919463087248,
    1.0
  ],
  "recall_curve": [
    1.0,
    0.21428571428571427,
    0.0
  ],
  "threshold": [
    0.0,
    1.0,
    1.0
  ]
}